{"text": " I guess it's me. I guess it's me.", "segments": [{"id": 0, "seek": 0, "start": 0.0, "end": 29.2, "text": " I guess it's me.", "tokens": [50365, 286, 2041, 309, 311, 385, 13, 51825], "temperature": 0.0, "avg_logprob": -0.7892309294806586, "compression_ratio": 0.6666666666666666, "no_speech_prob": 8.02597311527764e-12}, {"id": 1, "seek": 3000, "start": 30.0, "end": 59.980000000000004, "text": " I guess it's me.", "tokens": [50365, 286, 2041, 309, 311, 385, 13, 51864], "temperature": 0.0, "avg_logprob": -0.6642006238301595, "compression_ratio": 0.6666666666666666, "no_speech_prob": 2.7334250314592357e-12}], "language": "en"}